{
  "model_name": "chebnet_gru_s42_20260414_182605",
  "predict_steps": 1,
  "horizons": [
    {
      "horizon_index": 0,
      "horizon_step": 1,
      "mae": 18.16945457458496,
      "mape": 0.10769686102867126,
      "rmse": 28.854581832885742
    }
  ]
}