{
  "model_name": "chebnet_gru_s3407_20260414_183256",
  "predict_steps": 1,
  "horizons": [
    {
      "horizon_index": 0,
      "horizon_step": 1,
      "mae": 18.038747787475586,
      "mape": 0.10703971236944199,
      "rmse": 28.609210968017578
    }
  ]
}