{
  "model_name": "chebnet_none_s3407_20260414_183936",
  "predict_steps": 1,
  "horizons": [
    {
      "horizon_index": 0,
      "horizon_step": 1,
      "mae": 20.777896881103516,
      "mape": 0.12149099260568619,
      "rmse": 33.31650924682617
    }
  ]
}