{
  "model_name": "chebnet_none_s42_20260414_183615",
  "predict_steps": 1,
  "horizons": [
    {
      "horizon_index": 0,
      "horizon_step": 1,
      "mae": 20.971683502197266,
      "mape": 0.12804430723190308,
      "rmse": 33.32817459106445
    }
  ]
}