{
  "model_name": "gat_none_s42_20260414_192723",
  "predict_steps": 1,
  "horizons": [
    {
      "horizon_index": 0,
      "horizon_step": 1,
      "mae": 20.82394027709961,
      "mape": 0.12564000487327576,
      "rmse": 33.04447937011719
    }
  ]
}