{
  "model_name": "gat_none_s3407_20260414_195505",
  "predict_steps": 1,
  "horizons": [
    {
      "horizon_index": 0,
      "horizon_step": 1,
      "mae": 21.049253463745117,
      "mape": 0.12151415646076202,
      "rmse": 33.41633605957031
    }
  ]
}