{
  "model_name": "gcn_none_s3407_20260414_205154",
  "predict_steps": 1,
  "horizons": [
    {
      "horizon_index": 0,
      "horizon_step": 1,
      "mae": 20.787578582763672,
      "mape": 0.12184810638427734,
      "rmse": 33.28383255004883
    }
  ]
}