{
  "model_name": "gcn_gru_20260414_170645",
  "predict_steps": 3,
  "horizons": [
    {
      "horizon_index": 0,
      "horizon_step": 1,
      "mae": 20.33209800720215,
      "mape": 0.11878854781389236,
      "rmse": 32.30924987792969
    },
    {
      "horizon_index": 1,
      "horizon_step": 2,
      "mae": 21.7698917388916,
      "mape": 0.12728044390678406,
      "rmse": 34.381629943847656
    },
    {
      "horizon_index": 2,
      "horizon_step": 3,
      "mae": 23.16973876953125,
      "mape": 0.13553987443447113,
      "rmse": 36.266536712646484
    }
  ]
}