{
  "model_name": "gcn_gru_correlation_s2026_20260414_202423",
  "predict_steps": 1,
  "horizons": [
    {
      "horizon_index": 0,
      "horizon_step": 1,
      "mae": 20.283939361572266,
      "mape": 0.1210864707827568,
      "rmse": 32.26776123046875
    }
  ]
}