{
  "model_name": "gcn_gru_distance_correlation_s42_20260414_203229",
  "predict_steps": 1,
  "horizons": [
    {
      "horizon_index": 0,
      "horizon_step": 1,
      "mae": 20.154739379882812,
      "mape": 0.11947846412658691,
      "rmse": 32.03725814819336
    }
  ]
}