{
  "model_name": "gcn_gru_s3407_20260414_201710",
  "predict_steps": 1,
  "horizons": [
    {
      "horizon_index": 0,
      "horizon_step": 1,
      "mae": 20.303152084350586,
      "mape": 0.11963865906000137,
      "rmse": 32.30885696411133
    }
  ]
}