{
  "model_name": "gcn_gru_s2026_20260414_201317",
  "predict_steps": 1,
  "horizons": [
    {
      "horizon_index": 0,
      "horizon_step": 1,
      "mae": 20.340845108032227,
      "mape": 0.12120193243026733,
      "rmse": 32.30418014526367
    }
  ]
}