{
  "model_name": "gcn_gru_distance_correlation_s3407_20260414_204201",
  "predict_steps": 1,
  "horizons": [
    {
      "horizon_index": 0,
      "horizon_step": 1,
      "mae": 19.950939178466797,
      "mape": 0.11646165698766708,
      "rmse": 31.727449417114258
    }
  ]
}