{
  "model_name": "gcn_none_s42_20260414_204630",
  "predict_steps": 1,
  "horizons": [
    {
      "horizon_index": 0,
      "horizon_step": 1,
      "mae": 20.95077896118164,
      "mape": 0.12043851613998413,
      "rmse": 33.76217269897461
    }
  ]
}