{
  "model_name": "gcn_gru_correlation_s3407_20260414_202831",
  "predict_steps": 1,
  "horizons": [
    {
      "horizon_index": 0,
      "horizon_step": 1,
      "mae": 20.197141647338867,
      "mape": 0.11729420721530914,
      "rmse": 32.28631591796875
    }
  ]
}